{
  "า": 0.063,
  "น": 0.0565,
  "ร": 0.0517,
  "อ": 0.0402,
  "ก": 0.0394,
  "เ": 0.038,
  "ง": 0.0372,
  "่": 0.0371,
  "ม": 0.032,
  "ั": 0.0319,
  "้": 0.0277,
  "ี": 0.0271,
  "ย": 0.0259,
  "ล": 0.025,
  "ว": 0.024,
  "ด": 0.0227,
  "ท": 0.0219,
  "ิ": 0.0208,
  "ส": 0.0199,
  "ต": 0.0191,
  "ะ": 0.0182,
  "ป": 0.0179,
  "บ": 0.0167,
  "ค": 0.0156,
  "ห": 0.0154,
  "แ": 0.0148,
  "จ": 0.0135,
  "พ": 0.0132,
  "ช": 0.0109,
  "์": 0.0107,
  "ข": 0.0106,
  "ใ": 0.0105,
  "ื": 0.00961,
  "ไ": 0.00913,
  "ุ": 0.00897,
  "็": 0.00875,
  "ู": 0.00781,
  "โ": 0.00776,
  "ศ": 0.00697,
  "ำ": 0.00642,
  "ึ": 0.00528,
  "ซ": 0.00442,
  "ถ": 0.00402,
  "ธ": 0.00349,
  "ษ": 0.00335,
  "ภ": 0.00329,
  "ณ": 0.00324,
  "ผ": 0.00301,
  "ญ": 0.00253,
  "ฟ": 0.00191,
  "ฐ": 0.00128,
  "ฮ": 0.000855,
  "ๆ": 0.000787,
  "ฤ": 0.00075,
  "ฉ": 0.000742,
  "ฝ": 0.000685,
  "ฏ": 0.000438,
  "ฎ": 0.000376,
  "ฒ": 0.00034,
  "๊": 0.000223,
  "ฬ": 0.000217,
  "ฑ": 0.000212,
  "ฯ": 0.000196,
  "ฆ": 0.000169,
  "ฃ": 0.0,
  "ฅ": 0.0
}
